id;form_name;form_description;form_data;version;is_deleted;is_locked;create_date;update_date
1;major vouchsafe suffocation;../fake-data/blob/hipster.txt;../fake-data/blob/hipster.txt;gee simplistic;false;true;2024-04-08;2024-04-07
2;officially good enchanting;../fake-data/blob/hipster.txt;../fake-data/blob/hipster.txt;disown fooey wrong;false;true;2024-04-07;2024-04-08
3;pertinent;../fake-data/blob/hipster.txt;../fake-data/blob/hipster.txt;septicaemia pay;false;true;2024-04-07;2024-04-08
4;nearly gosh;../fake-data/blob/hipster.txt;../fake-data/blob/hipster.txt;which partnership;true;false;2024-04-08;2024-04-07
5;powerfully;../fake-data/blob/hipster.txt;../fake-data/blob/hipster.txt;united;false;false;2024-04-07;2024-04-07
6;qua why;../fake-data/blob/hipster.txt;../fake-data/blob/hipster.txt;aside;false;false;2024-04-07;2024-04-07
7;grubby;../fake-data/blob/hipster.txt;../fake-data/blob/hipster.txt;woot over;true;true;2024-04-08;2024-04-08
8;active;../fake-data/blob/hipster.txt;../fake-data/blob/hipster.txt;consequently eek;true;true;2024-04-08;2024-04-07
9;slippery fooey or;../fake-data/blob/hipster.txt;../fake-data/blob/hipster.txt;ha lend alongside;true;true;2024-04-08;2024-04-07
10;victoriously;../fake-data/blob/hipster.txt;../fake-data/blob/hipster.txt;repeatedly;false;false;2024-04-07;2024-04-07
